{ "frames": [
   {
    "filename": "omniroid.aseprite-0",
    "frame": { "x": 0, "y": 0, "w": 88, "h": 88 },
    "rotated": false,
    "trimmed": false,
    "spriteSourceSize": { "x": 0, "y": 0, "w": 88, "h": 88 },
    "sourceSize": { "w": 88, "h": 88 },
    "duration": 3500
   },
   {
    "filename": "omniroid.aseprite-1",
    "frame": { "x": 88, "y": 0, "w": 88, "h": 88 },
    "rotated": false,
    "trimmed": false,
    "spriteSourceSize": { "x": 0, "y": 0, "w": 88, "h": 88 },
    "sourceSize": { "w": 88, "h": 88 },
    "duration": 42
   },
   {
    "filename": "omniroid.aseprite-2",
    "frame": { "x": 176, "y": 0, "w": 88, "h": 88 },
    "rotated": false,
    "trimmed": false,
    "spriteSourceSize": { "x": 0, "y": 0, "w": 88, "h": 88 },
    "sourceSize": { "w": 88, "h": 88 },
    "duration": 42
   },
   {
    "filename": "omniroid.aseprite-3",
    "frame": { "x": 264, "y": 0, "w": 88, "h": 88 },
    "rotated": false,
    "trimmed": false,
    "spriteSourceSize": { "x": 0, "y": 0, "w": 88, "h": 88 },
    "sourceSize": { "w": 88, "h": 88 },
    "duration": 42
   },
   {
    "filename": "omniroid.aseprite-4",
    "frame": { "x": 352, "y": 0, "w": 88, "h": 88 },
    "rotated": false,
    "trimmed": false,
    "spriteSourceSize": { "x": 0, "y": 0, "w": 88, "h": 88 },
    "sourceSize": { "w": 88, "h": 88 },
    "duration": 42
   },
   {
    "filename": "omniroid.aseprite-5",
    "frame": { "x": 440, "y": 0, "w": 88, "h": 88 },
    "rotated": false,
    "trimmed": false,
    "spriteSourceSize": { "x": 0, "y": 0, "w": 88, "h": 88 },
    "sourceSize": { "w": 88, "h": 88 },
    "duration": 42
   },
   {
    "filename": "omniroid.aseprite-6",
    "frame": { "x": 528, "y": 0, "w": 88, "h": 88 },
    "rotated": false,
    "trimmed": false,
    "spriteSourceSize": { "x": 0, "y": 0, "w": 88, "h": 88 },
    "sourceSize": { "w": 88, "h": 88 },
    "duration": 42
   },
   {
    "filename": "omniroid.aseprite-7",
    "frame": { "x": 616, "y": 0, "w": 88, "h": 88 },
    "rotated": false,
    "trimmed": false,
    "spriteSourceSize": { "x": 0, "y": 0, "w": 88, "h": 88 },
    "sourceSize": { "w": 88, "h": 88 },
    "duration": 42
   },
   {
    "filename": "omniroid.aseprite-8",
    "frame": { "x": 704, "y": 0, "w": 88, "h": 88 },
    "rotated": false,
    "trimmed": false,
    "spriteSourceSize": { "x": 0, "y": 0, "w": 88, "h": 88 },
    "sourceSize": { "w": 88, "h": 88 },
    "duration": 42
   },
   {
    "filename": "omniroid.aseprite-9",
    "frame": { "x": 792, "y": 0, "w": 88, "h": 88 },
    "rotated": false,
    "trimmed": false,
    "spriteSourceSize": { "x": 0, "y": 0, "w": 88, "h": 88 },
    "sourceSize": { "w": 88, "h": 88 },
    "duration": 42
   },
   {
    "filename": "omniroid.aseprite-10",
    "frame": { "x": 880, "y": 0, "w": 88, "h": 88 },
    "rotated": false,
    "trimmed": false,
    "spriteSourceSize": { "x": 0, "y": 0, "w": 88, "h": 88 },
    "sourceSize": { "w": 88, "h": 88 },
    "duration": 42
   },
   {
    "filename": "omniroid.aseprite-11",
    "frame": { "x": 968, "y": 0, "w": 88, "h": 88 },
    "rotated": false,
    "trimmed": false,
    "spriteSourceSize": { "x": 0, "y": 0, "w": 88, "h": 88 },
    "sourceSize": { "w": 88, "h": 88 },
    "duration": 42
   },
   {
    "filename": "omniroid.aseprite-12",
    "frame": { "x": 1056, "y": 0, "w": 88, "h": 88 },
    "rotated": false,
    "trimmed": false,
    "spriteSourceSize": { "x": 0, "y": 0, "w": 88, "h": 88 },
    "sourceSize": { "w": 88, "h": 88 },
    "duration": 42
   },
   {
    "filename": "omniroid.aseprite-13",
    "frame": { "x": 1144, "y": 0, "w": 88, "h": 88 },
    "rotated": false,
    "trimmed": false,
    "spriteSourceSize": { "x": 0, "y": 0, "w": 88, "h": 88 },
    "sourceSize": { "w": 88, "h": 88 },
    "duration": 42
   },
   {
    "filename": "omniroid.aseprite-14",
    "frame": { "x": 1232, "y": 0, "w": 88, "h": 88 },
    "rotated": false,
    "trimmed": false,
    "spriteSourceSize": { "x": 0, "y": 0, "w": 88, "h": 88 },
    "sourceSize": { "w": 88, "h": 88 },
    "duration": 42
   },
   {
    "filename": "omniroid.aseprite-15",
    "frame": { "x": 1320, "y": 0, "w": 88, "h": 88 },
    "rotated": false,
    "trimmed": false,
    "spriteSourceSize": { "x": 0, "y": 0, "w": 88, "h": 88 },
    "sourceSize": { "w": 88, "h": 88 },
    "duration": 42
   },
   {
    "filename": "omniroid.aseprite-16",
    "frame": { "x": 1408, "y": 0, "w": 88, "h": 88 },
    "rotated": false,
    "trimmed": false,
    "spriteSourceSize": { "x": 0, "y": 0, "w": 88, "h": 88 },
    "sourceSize": { "w": 88, "h": 88 },
    "duration": 42
   },
   {
    "filename": "omniroid.aseprite-17",
    "frame": { "x": 1496, "y": 0, "w": 88, "h": 88 },
    "rotated": false,
    "trimmed": false,
    "spriteSourceSize": { "x": 0, "y": 0, "w": 88, "h": 88 },
    "sourceSize": { "w": 88, "h": 88 },
    "duration": 42
   },
   {
    "filename": "omniroid.aseprite-18",
    "frame": { "x": 1584, "y": 0, "w": 88, "h": 88 },
    "rotated": false,
    "trimmed": false,
    "spriteSourceSize": { "x": 0, "y": 0, "w": 88, "h": 88 },
    "sourceSize": { "w": 88, "h": 88 },
    "duration": 42
   },
   {
    "filename": "omniroid.aseprite-19",
    "frame": { "x": 1672, "y": 0, "w": 88, "h": 88 },
    "rotated": false,
    "trimmed": false,
    "spriteSourceSize": { "x": 0, "y": 0, "w": 88, "h": 88 },
    "sourceSize": { "w": 88, "h": 88 },
    "duration": 42
   },
   {
    "filename": "omniroid.aseprite-20",
    "frame": { "x": 1760, "y": 0, "w": 88, "h": 88 },
    "rotated": false,
    "trimmed": false,
    "spriteSourceSize": { "x": 0, "y": 0, "w": 88, "h": 88 },
    "sourceSize": { "w": 88, "h": 88 },
    "duration": 42
   },
   {
    "filename": "omniroid.aseprite-21",
    "frame": { "x": 1848, "y": 0, "w": 88, "h": 88 },
    "rotated": false,
    "trimmed": false,
    "spriteSourceSize": { "x": 0, "y": 0, "w": 88, "h": 88 },
    "sourceSize": { "w": 88, "h": 88 },
    "duration": 42
   },
   {
    "filename": "omniroid.aseprite-22",
    "frame": { "x": 1936, "y": 0, "w": 88, "h": 88 },
    "rotated": false,
    "trimmed": false,
    "spriteSourceSize": { "x": 0, "y": 0, "w": 88, "h": 88 },
    "sourceSize": { "w": 88, "h": 88 },
    "duration": 42
   },
   {
    "filename": "omniroid.aseprite-23",
    "frame": { "x": 0, "y": 88, "w": 88, "h": 88 },
    "rotated": false,
    "trimmed": false,
    "spriteSourceSize": { "x": 0, "y": 0, "w": 88, "h": 88 },
    "sourceSize": { "w": 88, "h": 88 },
    "duration": 42
   },
   {
    "filename": "omniroid.aseprite-24",
    "frame": { "x": 88, "y": 88, "w": 88, "h": 88 },
    "rotated": false,
    "trimmed": false,
    "spriteSourceSize": { "x": 0, "y": 0, "w": 88, "h": 88 },
    "sourceSize": { "w": 88, "h": 88 },
    "duration": 42
   },
   {
    "filename": "omniroid.aseprite-25",
    "frame": { "x": 176, "y": 88, "w": 88, "h": 88 },
    "rotated": false,
    "trimmed": false,
    "spriteSourceSize": { "x": 0, "y": 0, "w": 88, "h": 88 },
    "sourceSize": { "w": 88, "h": 88 },
    "duration": 42
   },
   {
    "filename": "omniroid.aseprite-26",
    "frame": { "x": 264, "y": 88, "w": 88, "h": 88 },
    "rotated": false,
    "trimmed": false,
    "spriteSourceSize": { "x": 0, "y": 0, "w": 88, "h": 88 },
    "sourceSize": { "w": 88, "h": 88 },
    "duration": 42
   },
   {
    "filename": "omniroid.aseprite-27",
    "frame": { "x": 352, "y": 88, "w": 88, "h": 88 },
    "rotated": false,
    "trimmed": false,
    "spriteSourceSize": { "x": 0, "y": 0, "w": 88, "h": 88 },
    "sourceSize": { "w": 88, "h": 88 },
    "duration": 42
   },
   {
    "filename": "omniroid.aseprite-28",
    "frame": { "x": 440, "y": 88, "w": 88, "h": 88 },
    "rotated": false,
    "trimmed": false,
    "spriteSourceSize": { "x": 0, "y": 0, "w": 88, "h": 88 },
    "sourceSize": { "w": 88, "h": 88 },
    "duration": 42
   },
   {
    "filename": "omniroid.aseprite-29",
    "frame": { "x": 528, "y": 88, "w": 88, "h": 88 },
    "rotated": false,
    "trimmed": false,
    "spriteSourceSize": { "x": 0, "y": 0, "w": 88, "h": 88 },
    "sourceSize": { "w": 88, "h": 88 },
    "duration": 42
   },
   {
    "filename": "omniroid.aseprite-30",
    "frame": { "x": 616, "y": 88, "w": 88, "h": 88 },
    "rotated": false,
    "trimmed": false,
    "spriteSourceSize": { "x": 0, "y": 0, "w": 88, "h": 88 },
    "sourceSize": { "w": 88, "h": 88 },
    "duration": 42
   },
   {
    "filename": "omniroid.aseprite-31",
    "frame": { "x": 704, "y": 88, "w": 88, "h": 88 },
    "rotated": false,
    "trimmed": false,
    "spriteSourceSize": { "x": 0, "y": 0, "w": 88, "h": 88 },
    "sourceSize": { "w": 88, "h": 88 },
    "duration": 42
   },
   {
    "filename": "omniroid.aseprite-32",
    "frame": { "x": 792, "y": 88, "w": 88, "h": 88 },
    "rotated": false,
    "trimmed": false,
    "spriteSourceSize": { "x": 0, "y": 0, "w": 88, "h": 88 },
    "sourceSize": { "w": 88, "h": 88 },
    "duration": 42
   },
   {
    "filename": "omniroid.aseprite-33",
    "frame": { "x": 880, "y": 88, "w": 88, "h": 88 },
    "rotated": false,
    "trimmed": false,
    "spriteSourceSize": { "x": 0, "y": 0, "w": 88, "h": 88 },
    "sourceSize": { "w": 88, "h": 88 },
    "duration": 42
   },
   {
    "filename": "omniroid.aseprite-34",
    "frame": { "x": 968, "y": 88, "w": 88, "h": 88 },
    "rotated": false,
    "trimmed": false,
    "spriteSourceSize": { "x": 0, "y": 0, "w": 88, "h": 88 },
    "sourceSize": { "w": 88, "h": 88 },
    "duration": 42
   },
   {
    "filename": "omniroid.aseprite-35",
    "frame": { "x": 1056, "y": 88, "w": 88, "h": 88 },
    "rotated": false,
    "trimmed": false,
    "spriteSourceSize": { "x": 0, "y": 0, "w": 88, "h": 88 },
    "sourceSize": { "w": 88, "h": 88 },
    "duration": 42
   },
   {
    "filename": "omniroid.aseprite-36",
    "frame": { "x": 1144, "y": 88, "w": 88, "h": 88 },
    "rotated": false,
    "trimmed": false,
    "spriteSourceSize": { "x": 0, "y": 0, "w": 88, "h": 88 },
    "sourceSize": { "w": 88, "h": 88 },
    "duration": 42
   },
   {
    "filename": "omniroid.aseprite-37",
    "frame": { "x": 1232, "y": 88, "w": 88, "h": 88 },
    "rotated": false,
    "trimmed": false,
    "spriteSourceSize": { "x": 0, "y": 0, "w": 88, "h": 88 },
    "sourceSize": { "w": 88, "h": 88 },
    "duration": 42
   },
   {
    "filename": "omniroid.aseprite-38",
    "frame": { "x": 1320, "y": 88, "w": 88, "h": 88 },
    "rotated": false,
    "trimmed": false,
    "spriteSourceSize": { "x": 0, "y": 0, "w": 88, "h": 88 },
    "sourceSize": { "w": 88, "h": 88 },
    "duration": 42
   },
   {
    "filename": "omniroid.aseprite-39",
    "frame": { "x": 1408, "y": 88, "w": 88, "h": 88 },
    "rotated": false,
    "trimmed": false,
    "spriteSourceSize": { "x": 0, "y": 0, "w": 88, "h": 88 },
    "sourceSize": { "w": 88, "h": 88 },
    "duration": 42
   },
   {
    "filename": "omniroid.aseprite-40",
    "frame": { "x": 1496, "y": 88, "w": 88, "h": 88 },
    "rotated": false,
    "trimmed": false,
    "spriteSourceSize": { "x": 0, "y": 0, "w": 88, "h": 88 },
    "sourceSize": { "w": 88, "h": 88 },
    "duration": 42
   },
   {
    "filename": "omniroid.aseprite-41",
    "frame": { "x": 1584, "y": 88, "w": 88, "h": 88 },
    "rotated": false,
    "trimmed": false,
    "spriteSourceSize": { "x": 0, "y": 0, "w": 88, "h": 88 },
    "sourceSize": { "w": 88, "h": 88 },
    "duration": 42
   },
   {
    "filename": "omniroid.aseprite-42",
    "frame": { "x": 1672, "y": 88, "w": 88, "h": 88 },
    "rotated": false,
    "trimmed": false,
    "spriteSourceSize": { "x": 0, "y": 0, "w": 88, "h": 88 },
    "sourceSize": { "w": 88, "h": 88 },
    "duration": 42
   },
   {
    "filename": "omniroid.aseprite-43",
    "frame": { "x": 1760, "y": 88, "w": 88, "h": 88 },
    "rotated": false,
    "trimmed": false,
    "spriteSourceSize": { "x": 0, "y": 0, "w": 88, "h": 88 },
    "sourceSize": { "w": 88, "h": 88 },
    "duration": 42
   },
   {
    "filename": "omniroid.aseprite-44",
    "frame": { "x": 1848, "y": 88, "w": 88, "h": 88 },
    "rotated": false,
    "trimmed": false,
    "spriteSourceSize": { "x": 0, "y": 0, "w": 88, "h": 88 },
    "sourceSize": { "w": 88, "h": 88 },
    "duration": 42
   },
   {
    "filename": "omniroid.aseprite-45",
    "frame": { "x": 1936, "y": 88, "w": 88, "h": 88 },
    "rotated": false,
    "trimmed": false,
    "spriteSourceSize": { "x": 0, "y": 0, "w": 88, "h": 88 },
    "sourceSize": { "w": 88, "h": 88 },
    "duration": 42
   },
   {
    "filename": "omniroid.aseprite-46",
    "frame": { "x": 0, "y": 176, "w": 88, "h": 88 },
    "rotated": false,
    "trimmed": false,
    "spriteSourceSize": { "x": 0, "y": 0, "w": 88, "h": 88 },
    "sourceSize": { "w": 88, "h": 88 },
    "duration": 42
   },
   {
    "filename": "omniroid.aseprite-47",
    "frame": { "x": 88, "y": 176, "w": 88, "h": 88 },
    "rotated": false,
    "trimmed": false,
    "spriteSourceSize": { "x": 0, "y": 0, "w": 88, "h": 88 },
    "sourceSize": { "w": 88, "h": 88 },
    "duration": 42
   },
   {
    "filename": "omniroid.aseprite-48",
    "frame": { "x": 176, "y": 176, "w": 88, "h": 88 },
    "rotated": false,
    "trimmed": false,
    "spriteSourceSize": { "x": 0, "y": 0, "w": 88, "h": 88 },
    "sourceSize": { "w": 88, "h": 88 },
    "duration": 42
   },
   {
    "filename": "omniroid.aseprite-49",
    "frame": { "x": 264, "y": 176, "w": 88, "h": 88 },
    "rotated": false,
    "trimmed": false,
    "spriteSourceSize": { "x": 0, "y": 0, "w": 88, "h": 88 },
    "sourceSize": { "w": 88, "h": 88 },
    "duration": 42
   },
   {
    "filename": "omniroid.aseprite-50",
    "frame": { "x": 352, "y": 176, "w": 88, "h": 88 },
    "rotated": false,
    "trimmed": false,
    "spriteSourceSize": { "x": 0, "y": 0, "w": 88, "h": 88 },
    "sourceSize": { "w": 88, "h": 88 },
    "duration": 42
   },
   {
    "filename": "omniroid.aseprite-51",
    "frame": { "x": 440, "y": 176, "w": 88, "h": 88 },
    "rotated": false,
    "trimmed": false,
    "spriteSourceSize": { "x": 0, "y": 0, "w": 88, "h": 88 },
    "sourceSize": { "w": 88, "h": 88 },
    "duration": 42
   },
   {
    "filename": "omniroid.aseprite-52",
    "frame": { "x": 528, "y": 176, "w": 88, "h": 88 },
    "rotated": false,
    "trimmed": false,
    "spriteSourceSize": { "x": 0, "y": 0, "w": 88, "h": 88 },
    "sourceSize": { "w": 88, "h": 88 },
    "duration": 42
   },
   {
    "filename": "omniroid.aseprite-53",
    "frame": { "x": 616, "y": 176, "w": 88, "h": 88 },
    "rotated": false,
    "trimmed": false,
    "spriteSourceSize": { "x": 0, "y": 0, "w": 88, "h": 88 },
    "sourceSize": { "w": 88, "h": 88 },
    "duration": 42
   },
   {
    "filename": "omniroid.aseprite-54",
    "frame": { "x": 704, "y": 176, "w": 88, "h": 88 },
    "rotated": false,
    "trimmed": false,
    "spriteSourceSize": { "x": 0, "y": 0, "w": 88, "h": 88 },
    "sourceSize": { "w": 88, "h": 88 },
    "duration": 42
   },
   {
    "filename": "omniroid.aseprite-55",
    "frame": { "x": 792, "y": 176, "w": 88, "h": 88 },
    "rotated": false,
    "trimmed": false,
    "spriteSourceSize": { "x": 0, "y": 0, "w": 88, "h": 88 },
    "sourceSize": { "w": 88, "h": 88 },
    "duration": 42
   },
   {
    "filename": "omniroid.aseprite-56",
    "frame": { "x": 880, "y": 176, "w": 88, "h": 88 },
    "rotated": false,
    "trimmed": false,
    "spriteSourceSize": { "x": 0, "y": 0, "w": 88, "h": 88 },
    "sourceSize": { "w": 88, "h": 88 },
    "duration": 42
   },
   {
    "filename": "omniroid.aseprite-57",
    "frame": { "x": 968, "y": 176, "w": 88, "h": 88 },
    "rotated": false,
    "trimmed": false,
    "spriteSourceSize": { "x": 0, "y": 0, "w": 88, "h": 88 },
    "sourceSize": { "w": 88, "h": 88 },
    "duration": 42
   },
   {
    "filename": "omniroid.aseprite-58",
    "frame": { "x": 1056, "y": 176, "w": 88, "h": 88 },
    "rotated": false,
    "trimmed": false,
    "spriteSourceSize": { "x": 0, "y": 0, "w": 88, "h": 88 },
    "sourceSize": { "w": 88, "h": 88 },
    "duration": 42
   },
   {
    "filename": "omniroid.aseprite-59",
    "frame": { "x": 1144, "y": 176, "w": 88, "h": 88 },
    "rotated": false,
    "trimmed": false,
    "spriteSourceSize": { "x": 0, "y": 0, "w": 88, "h": 88 },
    "sourceSize": { "w": 88, "h": 88 },
    "duration": 42
   },
   {
    "filename": "omniroid.aseprite-60",
    "frame": { "x": 1232, "y": 176, "w": 88, "h": 88 },
    "rotated": false,
    "trimmed": false,
    "spriteSourceSize": { "x": 0, "y": 0, "w": 88, "h": 88 },
    "sourceSize": { "w": 88, "h": 88 },
    "duration": 42
   },
   {
    "filename": "omniroid.aseprite-61",
    "frame": { "x": 1320, "y": 176, "w": 88, "h": 88 },
    "rotated": false,
    "trimmed": false,
    "spriteSourceSize": { "x": 0, "y": 0, "w": 88, "h": 88 },
    "sourceSize": { "w": 88, "h": 88 },
    "duration": 42
   },
   {
    "filename": "omniroid.aseprite-62",
    "frame": { "x": 1408, "y": 176, "w": 88, "h": 88 },
    "rotated": false,
    "trimmed": false,
    "spriteSourceSize": { "x": 0, "y": 0, "w": 88, "h": 88 },
    "sourceSize": { "w": 88, "h": 88 },
    "duration": 42
   },
   {
    "filename": "omniroid.aseprite-63",
    "frame": { "x": 1496, "y": 176, "w": 88, "h": 88 },
    "rotated": false,
    "trimmed": false,
    "spriteSourceSize": { "x": 0, "y": 0, "w": 88, "h": 88 },
    "sourceSize": { "w": 88, "h": 88 },
    "duration": 42
   },
   {
    "filename": "omniroid.aseprite-64",
    "frame": { "x": 1584, "y": 176, "w": 88, "h": 88 },
    "rotated": false,
    "trimmed": false,
    "spriteSourceSize": { "x": 0, "y": 0, "w": 88, "h": 88 },
    "sourceSize": { "w": 88, "h": 88 },
    "duration": 42
   },
   {
    "filename": "omniroid.aseprite-65",
    "frame": { "x": 1672, "y": 176, "w": 88, "h": 88 },
    "rotated": false,
    "trimmed": false,
    "spriteSourceSize": { "x": 0, "y": 0, "w": 88, "h": 88 },
    "sourceSize": { "w": 88, "h": 88 },
    "duration": 42
   },
   {
    "filename": "omniroid.aseprite-66",
    "frame": { "x": 1760, "y": 176, "w": 88, "h": 88 },
    "rotated": false,
    "trimmed": false,
    "spriteSourceSize": { "x": 0, "y": 0, "w": 88, "h": 88 },
    "sourceSize": { "w": 88, "h": 88 },
    "duration": 42
   },
   {
    "filename": "omniroid.aseprite-67",
    "frame": { "x": 1848, "y": 176, "w": 88, "h": 88 },
    "rotated": false,
    "trimmed": false,
    "spriteSourceSize": { "x": 0, "y": 0, "w": 88, "h": 88 },
    "sourceSize": { "w": 88, "h": 88 },
    "duration": 42
   },
   {
    "filename": "omniroid.aseprite-68",
    "frame": { "x": 1936, "y": 176, "w": 88, "h": 88 },
    "rotated": false,
    "trimmed": false,
    "spriteSourceSize": { "x": 0, "y": 0, "w": 88, "h": 88 },
    "sourceSize": { "w": 88, "h": 88 },
    "duration": 42
   },
   {
    "filename": "omniroid.aseprite-69",
    "frame": { "x": 0, "y": 264, "w": 88, "h": 88 },
    "rotated": false,
    "trimmed": false,
    "spriteSourceSize": { "x": 0, "y": 0, "w": 88, "h": 88 },
    "sourceSize": { "w": 88, "h": 88 },
    "duration": 42
   },
   {
    "filename": "omniroid.aseprite-70",
    "frame": { "x": 88, "y": 264, "w": 88, "h": 88 },
    "rotated": false,
    "trimmed": false,
    "spriteSourceSize": { "x": 0, "y": 0, "w": 88, "h": 88 },
    "sourceSize": { "w": 88, "h": 88 },
    "duration": 42
   },
   {
    "filename": "omniroid.aseprite-71",
    "frame": { "x": 176, "y": 264, "w": 88, "h": 88 },
    "rotated": false,
    "trimmed": false,
    "spriteSourceSize": { "x": 0, "y": 0, "w": 88, "h": 88 },
    "sourceSize": { "w": 88, "h": 88 },
    "duration": 42
   },
   {
    "filename": "omniroid.aseprite-72",
    "frame": { "x": 264, "y": 264, "w": 88, "h": 88 },
    "rotated": false,
    "trimmed": false,
    "spriteSourceSize": { "x": 0, "y": 0, "w": 88, "h": 88 },
    "sourceSize": { "w": 88, "h": 88 },
    "duration": 42
   },
   {
    "filename": "omniroid.aseprite-73",
    "frame": { "x": 352, "y": 264, "w": 88, "h": 88 },
    "rotated": false,
    "trimmed": false,
    "spriteSourceSize": { "x": 0, "y": 0, "w": 88, "h": 88 },
    "sourceSize": { "w": 88, "h": 88 },
    "duration": 42
   },
   {
    "filename": "omniroid.aseprite-74",
    "frame": { "x": 440, "y": 264, "w": 88, "h": 88 },
    "rotated": false,
    "trimmed": false,
    "spriteSourceSize": { "x": 0, "y": 0, "w": 88, "h": 88 },
    "sourceSize": { "w": 88, "h": 88 },
    "duration": 42
   },
   {
    "filename": "omniroid.aseprite-75",
    "frame": { "x": 528, "y": 264, "w": 88, "h": 88 },
    "rotated": false,
    "trimmed": false,
    "spriteSourceSize": { "x": 0, "y": 0, "w": 88, "h": 88 },
    "sourceSize": { "w": 88, "h": 88 },
    "duration": 42
   },
   {
    "filename": "omniroid.aseprite-76",
    "frame": { "x": 616, "y": 264, "w": 88, "h": 88 },
    "rotated": false,
    "trimmed": false,
    "spriteSourceSize": { "x": 0, "y": 0, "w": 88, "h": 88 },
    "sourceSize": { "w": 88, "h": 88 },
    "duration": 42
   },
   {
    "filename": "omniroid.aseprite-77",
    "frame": { "x": 704, "y": 264, "w": 88, "h": 88 },
    "rotated": false,
    "trimmed": false,
    "spriteSourceSize": { "x": 0, "y": 0, "w": 88, "h": 88 },
    "sourceSize": { "w": 88, "h": 88 },
    "duration": 42
   },
   {
    "filename": "omniroid.aseprite-78",
    "frame": { "x": 792, "y": 264, "w": 88, "h": 88 },
    "rotated": false,
    "trimmed": false,
    "spriteSourceSize": { "x": 0, "y": 0, "w": 88, "h": 88 },
    "sourceSize": { "w": 88, "h": 88 },
    "duration": 42
   },
   {
    "filename": "omniroid.aseprite-79",
    "frame": { "x": 880, "y": 264, "w": 88, "h": 88 },
    "rotated": false,
    "trimmed": false,
    "spriteSourceSize": { "x": 0, "y": 0, "w": 88, "h": 88 },
    "sourceSize": { "w": 88, "h": 88 },
    "duration": 42
   },
   {
    "filename": "omniroid.aseprite-80",
    "frame": { "x": 968, "y": 264, "w": 88, "h": 88 },
    "rotated": false,
    "trimmed": false,
    "spriteSourceSize": { "x": 0, "y": 0, "w": 88, "h": 88 },
    "sourceSize": { "w": 88, "h": 88 },
    "duration": 42
   },
   {
    "filename": "omniroid.aseprite-81",
    "frame": { "x": 1056, "y": 264, "w": 88, "h": 88 },
    "rotated": false,
    "trimmed": false,
    "spriteSourceSize": { "x": 0, "y": 0, "w": 88, "h": 88 },
    "sourceSize": { "w": 88, "h": 88 },
    "duration": 42
   },
   {
    "filename": "omniroid.aseprite-82",
    "frame": { "x": 1144, "y": 264, "w": 88, "h": 88 },
    "rotated": false,
    "trimmed": false,
    "spriteSourceSize": { "x": 0, "y": 0, "w": 88, "h": 88 },
    "sourceSize": { "w": 88, "h": 88 },
    "duration": 42
   },
   {
    "filename": "omniroid.aseprite-83",
    "frame": { "x": 1232, "y": 264, "w": 88, "h": 88 },
    "rotated": false,
    "trimmed": false,
    "spriteSourceSize": { "x": 0, "y": 0, "w": 88, "h": 88 },
    "sourceSize": { "w": 88, "h": 88 },
    "duration": 42
   },
   {
    "filename": "omniroid.aseprite-84",
    "frame": { "x": 1320, "y": 264, "w": 88, "h": 88 },
    "rotated": false,
    "trimmed": false,
    "spriteSourceSize": { "x": 0, "y": 0, "w": 88, "h": 88 },
    "sourceSize": { "w": 88, "h": 88 },
    "duration": 42
   },
   {
    "filename": "omniroid.aseprite-85",
    "frame": { "x": 1408, "y": 264, "w": 88, "h": 88 },
    "rotated": false,
    "trimmed": false,
    "spriteSourceSize": { "x": 0, "y": 0, "w": 88, "h": 88 },
    "sourceSize": { "w": 88, "h": 88 },
    "duration": 42
   },
   {
    "filename": "omniroid.aseprite-86",
    "frame": { "x": 1496, "y": 264, "w": 88, "h": 88 },
    "rotated": false,
    "trimmed": false,
    "spriteSourceSize": { "x": 0, "y": 0, "w": 88, "h": 88 },
    "sourceSize": { "w": 88, "h": 88 },
    "duration": 42
   },
   {
    "filename": "omniroid.aseprite-87",
    "frame": { "x": 1584, "y": 264, "w": 88, "h": 88 },
    "rotated": false,
    "trimmed": false,
    "spriteSourceSize": { "x": 0, "y": 0, "w": 88, "h": 88 },
    "sourceSize": { "w": 88, "h": 88 },
    "duration": 42
   },
   {
    "filename": "omniroid.aseprite-88",
    "frame": { "x": 1672, "y": 264, "w": 88, "h": 88 },
    "rotated": false,
    "trimmed": false,
    "spriteSourceSize": { "x": 0, "y": 0, "w": 88, "h": 88 },
    "sourceSize": { "w": 88, "h": 88 },
    "duration": 42
   },
   {
    "filename": "omniroid.aseprite-89",
    "frame": { "x": 1760, "y": 264, "w": 88, "h": 88 },
    "rotated": false,
    "trimmed": false,
    "spriteSourceSize": { "x": 0, "y": 0, "w": 88, "h": 88 },
    "sourceSize": { "w": 88, "h": 88 },
    "duration": 42
   },
   {
    "filename": "omniroid.aseprite-90",
    "frame": { "x": 1848, "y": 264, "w": 88, "h": 88 },
    "rotated": false,
    "trimmed": false,
    "spriteSourceSize": { "x": 0, "y": 0, "w": 88, "h": 88 },
    "sourceSize": { "w": 88, "h": 88 },
    "duration": 42
   },
   {
    "filename": "omniroid.aseprite-91",
    "frame": { "x": 1936, "y": 264, "w": 88, "h": 88 },
    "rotated": false,
    "trimmed": false,
    "spriteSourceSize": { "x": 0, "y": 0, "w": 88, "h": 88 },
    "sourceSize": { "w": 88, "h": 88 },
    "duration": 42
   },
   {
    "filename": "omniroid.aseprite-92",
    "frame": { "x": 0, "y": 352, "w": 88, "h": 88 },
    "rotated": false,
    "trimmed": false,
    "spriteSourceSize": { "x": 0, "y": 0, "w": 88, "h": 88 },
    "sourceSize": { "w": 88, "h": 88 },
    "duration": 42
   },
   {
    "filename": "omniroid.aseprite-93",
    "frame": { "x": 88, "y": 352, "w": 88, "h": 88 },
    "rotated": false,
    "trimmed": false,
    "spriteSourceSize": { "x": 0, "y": 0, "w": 88, "h": 88 },
    "sourceSize": { "w": 88, "h": 88 },
    "duration": 42
   },
   {
    "filename": "omniroid.aseprite-94",
    "frame": { "x": 176, "y": 352, "w": 88, "h": 88 },
    "rotated": false,
    "trimmed": false,
    "spriteSourceSize": { "x": 0, "y": 0, "w": 88, "h": 88 },
    "sourceSize": { "w": 88, "h": 88 },
    "duration": 42
   },
   {
    "filename": "omniroid.aseprite-95",
    "frame": { "x": 264, "y": 352, "w": 88, "h": 88 },
    "rotated": false,
    "trimmed": false,
    "spriteSourceSize": { "x": 0, "y": 0, "w": 88, "h": 88 },
    "sourceSize": { "w": 88, "h": 88 },
    "duration": 42
   },
   {
    "filename": "omniroid.aseprite-96",
    "frame": { "x": 352, "y": 352, "w": 88, "h": 88 },
    "rotated": false,
    "trimmed": false,
    "spriteSourceSize": { "x": 0, "y": 0, "w": 88, "h": 88 },
    "sourceSize": { "w": 88, "h": 88 },
    "duration": 42
   },
   {
    "filename": "omniroid.aseprite-97",
    "frame": { "x": 440, "y": 352, "w": 88, "h": 88 },
    "rotated": false,
    "trimmed": false,
    "spriteSourceSize": { "x": 0, "y": 0, "w": 88, "h": 88 },
    "sourceSize": { "w": 88, "h": 88 },
    "duration": 42
   },
   {
    "filename": "omniroid.aseprite-98",
    "frame": { "x": 528, "y": 352, "w": 88, "h": 88 },
    "rotated": false,
    "trimmed": false,
    "spriteSourceSize": { "x": 0, "y": 0, "w": 88, "h": 88 },
    "sourceSize": { "w": 88, "h": 88 },
    "duration": 42
   },
   {
    "filename": "omniroid.aseprite-99",
    "frame": { "x": 616, "y": 352, "w": 88, "h": 88 },
    "rotated": false,
    "trimmed": false,
    "spriteSourceSize": { "x": 0, "y": 0, "w": 88, "h": 88 },
    "sourceSize": { "w": 88, "h": 88 },
    "duration": 42
   },
   {
    "filename": "omniroid.aseprite-100",
    "frame": { "x": 704, "y": 352, "w": 88, "h": 88 },
    "rotated": false,
    "trimmed": false,
    "spriteSourceSize": { "x": 0, "y": 0, "w": 88, "h": 88 },
    "sourceSize": { "w": 88, "h": 88 },
    "duration": 42
   },
   {
    "filename": "omniroid.aseprite-101",
    "frame": { "x": 792, "y": 352, "w": 88, "h": 88 },
    "rotated": false,
    "trimmed": false,
    "spriteSourceSize": { "x": 0, "y": 0, "w": 88, "h": 88 },
    "sourceSize": { "w": 88, "h": 88 },
    "duration": 42
   },
   {
    "filename": "omniroid.aseprite-102",
    "frame": { "x": 880, "y": 352, "w": 88, "h": 88 },
    "rotated": false,
    "trimmed": false,
    "spriteSourceSize": { "x": 0, "y": 0, "w": 88, "h": 88 },
    "sourceSize": { "w": 88, "h": 88 },
    "duration": 42
   },
   {
    "filename": "omniroid.aseprite-103",
    "frame": { "x": 968, "y": 352, "w": 88, "h": 88 },
    "rotated": false,
    "trimmed": false,
    "spriteSourceSize": { "x": 0, "y": 0, "w": 88, "h": 88 },
    "sourceSize": { "w": 88, "h": 88 },
    "duration": 42
   },
   {
    "filename": "omniroid.aseprite-104",
    "frame": { "x": 1056, "y": 352, "w": 88, "h": 88 },
    "rotated": false,
    "trimmed": false,
    "spriteSourceSize": { "x": 0, "y": 0, "w": 88, "h": 88 },
    "sourceSize": { "w": 88, "h": 88 },
    "duration": 42
   },
   {
    "filename": "omniroid.aseprite-105",
    "frame": { "x": 1144, "y": 352, "w": 88, "h": 88 },
    "rotated": false,
    "trimmed": false,
    "spriteSourceSize": { "x": 0, "y": 0, "w": 88, "h": 88 },
    "sourceSize": { "w": 88, "h": 88 },
    "duration": 42
   },
   {
    "filename": "omniroid.aseprite-106",
    "frame": { "x": 1232, "y": 352, "w": 88, "h": 88 },
    "rotated": false,
    "trimmed": false,
    "spriteSourceSize": { "x": 0, "y": 0, "w": 88, "h": 88 },
    "sourceSize": { "w": 88, "h": 88 },
    "duration": 42
   },
   {
    "filename": "omniroid.aseprite-107",
    "frame": { "x": 1320, "y": 352, "w": 88, "h": 88 },
    "rotated": false,
    "trimmed": false,
    "spriteSourceSize": { "x": 0, "y": 0, "w": 88, "h": 88 },
    "sourceSize": { "w": 88, "h": 88 },
    "duration": 42
   },
   {
    "filename": "omniroid.aseprite-108",
    "frame": { "x": 1408, "y": 352, "w": 88, "h": 88 },
    "rotated": false,
    "trimmed": false,
    "spriteSourceSize": { "x": 0, "y": 0, "w": 88, "h": 88 },
    "sourceSize": { "w": 88, "h": 88 },
    "duration": 42
   },
   {
    "filename": "omniroid.aseprite-109",
    "frame": { "x": 1496, "y": 352, "w": 88, "h": 88 },
    "rotated": false,
    "trimmed": false,
    "spriteSourceSize": { "x": 0, "y": 0, "w": 88, "h": 88 },
    "sourceSize": { "w": 88, "h": 88 },
    "duration": 42
   },
   {
    "filename": "omniroid.aseprite-110",
    "frame": { "x": 1584, "y": 352, "w": 88, "h": 88 },
    "rotated": false,
    "trimmed": false,
    "spriteSourceSize": { "x": 0, "y": 0, "w": 88, "h": 88 },
    "sourceSize": { "w": 88, "h": 88 },
    "duration": 42
   },
   {
    "filename": "omniroid.aseprite-111",
    "frame": { "x": 1672, "y": 352, "w": 88, "h": 88 },
    "rotated": false,
    "trimmed": false,
    "spriteSourceSize": { "x": 0, "y": 0, "w": 88, "h": 88 },
    "sourceSize": { "w": 88, "h": 88 },
    "duration": 42
   },
   {
    "filename": "omniroid.aseprite-112",
    "frame": { "x": 1760, "y": 352, "w": 88, "h": 88 },
    "rotated": false,
    "trimmed": false,
    "spriteSourceSize": { "x": 0, "y": 0, "w": 88, "h": 88 },
    "sourceSize": { "w": 88, "h": 88 },
    "duration": 42
   },
   {
    "filename": "omniroid.aseprite-113",
    "frame": { "x": 1848, "y": 352, "w": 88, "h": 88 },
    "rotated": false,
    "trimmed": false,
    "spriteSourceSize": { "x": 0, "y": 0, "w": 88, "h": 88 },
    "sourceSize": { "w": 88, "h": 88 },
    "duration": 42
   },
   {
    "filename": "omniroid.aseprite-114",
    "frame": { "x": 1936, "y": 352, "w": 88, "h": 88 },
    "rotated": false,
    "trimmed": false,
    "spriteSourceSize": { "x": 0, "y": 0, "w": 88, "h": 88 },
    "sourceSize": { "w": 88, "h": 88 },
    "duration": 42
   },
   {
    "filename": "omniroid.aseprite-115",
    "frame": { "x": 0, "y": 440, "w": 88, "h": 88 },
    "rotated": false,
    "trimmed": false,
    "spriteSourceSize": { "x": 0, "y": 0, "w": 88, "h": 88 },
    "sourceSize": { "w": 88, "h": 88 },
    "duration": 42
   },
   {
    "filename": "omniroid.aseprite-116",
    "frame": { "x": 88, "y": 440, "w": 88, "h": 88 },
    "rotated": false,
    "trimmed": false,
    "spriteSourceSize": { "x": 0, "y": 0, "w": 88, "h": 88 },
    "sourceSize": { "w": 88, "h": 88 },
    "duration": 42
   },
   {
    "filename": "omniroid.aseprite-117",
    "frame": { "x": 176, "y": 440, "w": 88, "h": 88 },
    "rotated": false,
    "trimmed": false,
    "spriteSourceSize": { "x": 0, "y": 0, "w": 88, "h": 88 },
    "sourceSize": { "w": 88, "h": 88 },
    "duration": 42
   },
   {
    "filename": "omniroid.aseprite-118",
    "frame": { "x": 264, "y": 440, "w": 88, "h": 88 },
    "rotated": false,
    "trimmed": false,
    "spriteSourceSize": { "x": 0, "y": 0, "w": 88, "h": 88 },
    "sourceSize": { "w": 88, "h": 88 },
    "duration": 42
   },
   {
    "filename": "omniroid.aseprite-119",
    "frame": { "x": 352, "y": 440, "w": 88, "h": 88 },
    "rotated": false,
    "trimmed": false,
    "spriteSourceSize": { "x": 0, "y": 0, "w": 88, "h": 88 },
    "sourceSize": { "w": 88, "h": 88 },
    "duration": 42
   },
   {
    "filename": "omniroid.aseprite-120",
    "frame": { "x": 440, "y": 440, "w": 88, "h": 88 },
    "rotated": false,
    "trimmed": false,
    "spriteSourceSize": { "x": 0, "y": 0, "w": 88, "h": 88 },
    "sourceSize": { "w": 88, "h": 88 },
    "duration": 42
   },
   {
    "filename": "omniroid.aseprite-121",
    "frame": { "x": 528, "y": 440, "w": 88, "h": 88 },
    "rotated": false,
    "trimmed": false,
    "spriteSourceSize": { "x": 0, "y": 0, "w": 88, "h": 88 },
    "sourceSize": { "w": 88, "h": 88 },
    "duration": 42
   },
   {
    "filename": "omniroid.aseprite-122",
    "frame": { "x": 616, "y": 440, "w": 88, "h": 88 },
    "rotated": false,
    "trimmed": false,
    "spriteSourceSize": { "x": 0, "y": 0, "w": 88, "h": 88 },
    "sourceSize": { "w": 88, "h": 88 },
    "duration": 42
   },
   {
    "filename": "omniroid.aseprite-123",
    "frame": { "x": 704, "y": 440, "w": 88, "h": 88 },
    "rotated": false,
    "trimmed": false,
    "spriteSourceSize": { "x": 0, "y": 0, "w": 88, "h": 88 },
    "sourceSize": { "w": 88, "h": 88 },
    "duration": 42
   },
   {
    "filename": "omniroid.aseprite-124",
    "frame": { "x": 792, "y": 440, "w": 88, "h": 88 },
    "rotated": false,
    "trimmed": false,
    "spriteSourceSize": { "x": 0, "y": 0, "w": 88, "h": 88 },
    "sourceSize": { "w": 88, "h": 88 },
    "duration": 42
   },
   {
    "filename": "omniroid.aseprite-125",
    "frame": { "x": 880, "y": 440, "w": 88, "h": 88 },
    "rotated": false,
    "trimmed": false,
    "spriteSourceSize": { "x": 0, "y": 0, "w": 88, "h": 88 },
    "sourceSize": { "w": 88, "h": 88 },
    "duration": 42
   },
   {
    "filename": "omniroid.aseprite-126",
    "frame": { "x": 968, "y": 440, "w": 88, "h": 88 },
    "rotated": false,
    "trimmed": false,
    "spriteSourceSize": { "x": 0, "y": 0, "w": 88, "h": 88 },
    "sourceSize": { "w": 88, "h": 88 },
    "duration": 42
   },
   {
    "filename": "omniroid.aseprite-127",
    "frame": { "x": 1056, "y": 440, "w": 88, "h": 88 },
    "rotated": false,
    "trimmed": false,
    "spriteSourceSize": { "x": 0, "y": 0, "w": 88, "h": 88 },
    "sourceSize": { "w": 88, "h": 88 },
    "duration": 42
   },
   {
    "filename": "omniroid.aseprite-128",
    "frame": { "x": 1144, "y": 440, "w": 88, "h": 88 },
    "rotated": false,
    "trimmed": false,
    "spriteSourceSize": { "x": 0, "y": 0, "w": 88, "h": 88 },
    "sourceSize": { "w": 88, "h": 88 },
    "duration": 42
   },
   {
    "filename": "omniroid.aseprite-129",
    "frame": { "x": 1232, "y": 440, "w": 88, "h": 88 },
    "rotated": false,
    "trimmed": false,
    "spriteSourceSize": { "x": 0, "y": 0, "w": 88, "h": 88 },
    "sourceSize": { "w": 88, "h": 88 },
    "duration": 42
   },
   {
    "filename": "omniroid.aseprite-130",
    "frame": { "x": 1320, "y": 440, "w": 88, "h": 88 },
    "rotated": false,
    "trimmed": false,
    "spriteSourceSize": { "x": 0, "y": 0, "w": 88, "h": 88 },
    "sourceSize": { "w": 88, "h": 88 },
    "duration": 42
   },
   {
    "filename": "omniroid.aseprite-131",
    "frame": { "x": 1408, "y": 440, "w": 88, "h": 88 },
    "rotated": false,
    "trimmed": false,
    "spriteSourceSize": { "x": 0, "y": 0, "w": 88, "h": 88 },
    "sourceSize": { "w": 88, "h": 88 },
    "duration": 42
   },
   {
    "filename": "omniroid.aseprite-132",
    "frame": { "x": 1496, "y": 440, "w": 88, "h": 88 },
    "rotated": false,
    "trimmed": false,
    "spriteSourceSize": { "x": 0, "y": 0, "w": 88, "h": 88 },
    "sourceSize": { "w": 88, "h": 88 },
    "duration": 42
   },
   {
    "filename": "omniroid.aseprite-133",
    "frame": { "x": 1584, "y": 440, "w": 88, "h": 88 },
    "rotated": false,
    "trimmed": false,
    "spriteSourceSize": { "x": 0, "y": 0, "w": 88, "h": 88 },
    "sourceSize": { "w": 88, "h": 88 },
    "duration": 42
   },
   {
    "filename": "omniroid.aseprite-134",
    "frame": { "x": 1672, "y": 440, "w": 88, "h": 88 },
    "rotated": false,
    "trimmed": false,
    "spriteSourceSize": { "x": 0, "y": 0, "w": 88, "h": 88 },
    "sourceSize": { "w": 88, "h": 88 },
    "duration": 42
   },
   {
    "filename": "omniroid.aseprite-135",
    "frame": { "x": 1760, "y": 440, "w": 88, "h": 88 },
    "rotated": false,
    "trimmed": false,
    "spriteSourceSize": { "x": 0, "y": 0, "w": 88, "h": 88 },
    "sourceSize": { "w": 88, "h": 88 },
    "duration": 42
   },
   {
    "filename": "omniroid.aseprite-136",
    "frame": { "x": 1848, "y": 440, "w": 88, "h": 88 },
    "rotated": false,
    "trimmed": false,
    "spriteSourceSize": { "x": 0, "y": 0, "w": 88, "h": 88 },
    "sourceSize": { "w": 88, "h": 88 },
    "duration": 42
   },
   {
    "filename": "omniroid.aseprite-137",
    "frame": { "x": 1936, "y": 440, "w": 88, "h": 88 },
    "rotated": false,
    "trimmed": false,
    "spriteSourceSize": { "x": 0, "y": 0, "w": 88, "h": 88 },
    "sourceSize": { "w": 88, "h": 88 },
    "duration": 42
   },
   {
    "filename": "omniroid.aseprite-138",
    "frame": { "x": 0, "y": 528, "w": 88, "h": 88 },
    "rotated": false,
    "trimmed": false,
    "spriteSourceSize": { "x": 0, "y": 0, "w": 88, "h": 88 },
    "sourceSize": { "w": 88, "h": 88 },
    "duration": 42
   },
   {
    "filename": "omniroid.aseprite-139",
    "frame": { "x": 88, "y": 528, "w": 88, "h": 88 },
    "rotated": false,
    "trimmed": false,
    "spriteSourceSize": { "x": 0, "y": 0, "w": 88, "h": 88 },
    "sourceSize": { "w": 88, "h": 88 },
    "duration": 42
   },
   {
    "filename": "omniroid.aseprite-140",
    "frame": { "x": 176, "y": 528, "w": 88, "h": 88 },
    "rotated": false,
    "trimmed": false,
    "spriteSourceSize": { "x": 0, "y": 0, "w": 88, "h": 88 },
    "sourceSize": { "w": 88, "h": 88 },
    "duration": 42
   },
   {
    "filename": "omniroid.aseprite-141",
    "frame": { "x": 264, "y": 528, "w": 88, "h": 88 },
    "rotated": false,
    "trimmed": false,
    "spriteSourceSize": { "x": 0, "y": 0, "w": 88, "h": 88 },
    "sourceSize": { "w": 88, "h": 88 },
    "duration": 42
   },
   {
    "filename": "omniroid.aseprite-142",
    "frame": { "x": 352, "y": 528, "w": 88, "h": 88 },
    "rotated": false,
    "trimmed": false,
    "spriteSourceSize": { "x": 0, "y": 0, "w": 88, "h": 88 },
    "sourceSize": { "w": 88, "h": 88 },
    "duration": 42
   },
   {
    "filename": "omniroid.aseprite-143",
    "frame": { "x": 440, "y": 528, "w": 88, "h": 88 },
    "rotated": false,
    "trimmed": false,
    "spriteSourceSize": { "x": 0, "y": 0, "w": 88, "h": 88 },
    "sourceSize": { "w": 88, "h": 88 },
    "duration": 42
   },
   {
    "filename": "omniroid.aseprite-144",
    "frame": { "x": 528, "y": 528, "w": 88, "h": 88 },
    "rotated": false,
    "trimmed": false,
    "spriteSourceSize": { "x": 0, "y": 0, "w": 88, "h": 88 },
    "sourceSize": { "w": 88, "h": 88 },
    "duration": 42
   },
   {
    "filename": "omniroid.aseprite-145",
    "frame": { "x": 616, "y": 528, "w": 88, "h": 88 },
    "rotated": false,
    "trimmed": false,
    "spriteSourceSize": { "x": 0, "y": 0, "w": 88, "h": 88 },
    "sourceSize": { "w": 88, "h": 88 },
    "duration": 42
   },
   {
    "filename": "omniroid.aseprite-146",
    "frame": { "x": 704, "y": 528, "w": 88, "h": 88 },
    "rotated": false,
    "trimmed": false,
    "spriteSourceSize": { "x": 0, "y": 0, "w": 88, "h": 88 },
    "sourceSize": { "w": 88, "h": 88 },
    "duration": 42
   },
   {
    "filename": "omniroid.aseprite-147",
    "frame": { "x": 792, "y": 528, "w": 88, "h": 88 },
    "rotated": false,
    "trimmed": false,
    "spriteSourceSize": { "x": 0, "y": 0, "w": 88, "h": 88 },
    "sourceSize": { "w": 88, "h": 88 },
    "duration": 42
   },
   {
    "filename": "omniroid.aseprite-148",
    "frame": { "x": 880, "y": 528, "w": 88, "h": 88 },
    "rotated": false,
    "trimmed": false,
    "spriteSourceSize": { "x": 0, "y": 0, "w": 88, "h": 88 },
    "sourceSize": { "w": 88, "h": 88 },
    "duration": 42
   },
   {
    "filename": "omniroid.aseprite-149",
    "frame": { "x": 968, "y": 528, "w": 88, "h": 88 },
    "rotated": false,
    "trimmed": false,
    "spriteSourceSize": { "x": 0, "y": 0, "w": 88, "h": 88 },
    "sourceSize": { "w": 88, "h": 88 },
    "duration": 42
   },
   {
    "filename": "omniroid.aseprite-150",
    "frame": { "x": 1056, "y": 528, "w": 88, "h": 88 },
    "rotated": false,
    "trimmed": false,
    "spriteSourceSize": { "x": 0, "y": 0, "w": 88, "h": 88 },
    "sourceSize": { "w": 88, "h": 88 },
    "duration": 42
   },
   {
    "filename": "omniroid.aseprite-151",
    "frame": { "x": 1144, "y": 528, "w": 88, "h": 88 },
    "rotated": false,
    "trimmed": false,
    "spriteSourceSize": { "x": 0, "y": 0, "w": 88, "h": 88 },
    "sourceSize": { "w": 88, "h": 88 },
    "duration": 42
   },
   {
    "filename": "omniroid.aseprite-152",
    "frame": { "x": 1232, "y": 528, "w": 88, "h": 88 },
    "rotated": false,
    "trimmed": false,
    "spriteSourceSize": { "x": 0, "y": 0, "w": 88, "h": 88 },
    "sourceSize": { "w": 88, "h": 88 },
    "duration": 42
   },
   {
    "filename": "omniroid.aseprite-153",
    "frame": { "x": 1320, "y": 528, "w": 88, "h": 88 },
    "rotated": false,
    "trimmed": false,
    "spriteSourceSize": { "x": 0, "y": 0, "w": 88, "h": 88 },
    "sourceSize": { "w": 88, "h": 88 },
    "duration": 42
   },
   {
    "filename": "omniroid.aseprite-154",
    "frame": { "x": 1408, "y": 528, "w": 88, "h": 88 },
    "rotated": false,
    "trimmed": false,
    "spriteSourceSize": { "x": 0, "y": 0, "w": 88, "h": 88 },
    "sourceSize": { "w": 88, "h": 88 },
    "duration": 42
   },
   {
    "filename": "omniroid.aseprite-155",
    "frame": { "x": 1496, "y": 528, "w": 88, "h": 88 },
    "rotated": false,
    "trimmed": false,
    "spriteSourceSize": { "x": 0, "y": 0, "w": 88, "h": 88 },
    "sourceSize": { "w": 88, "h": 88 },
    "duration": 42
   },
   {
    "filename": "omniroid.aseprite-156",
    "frame": { "x": 1584, "y": 528, "w": 88, "h": 88 },
    "rotated": false,
    "trimmed": false,
    "spriteSourceSize": { "x": 0, "y": 0, "w": 88, "h": 88 },
    "sourceSize": { "w": 88, "h": 88 },
    "duration": 42
   },
   {
    "filename": "omniroid.aseprite-157",
    "frame": { "x": 1672, "y": 528, "w": 88, "h": 88 },
    "rotated": false,
    "trimmed": false,
    "spriteSourceSize": { "x": 0, "y": 0, "w": 88, "h": 88 },
    "sourceSize": { "w": 88, "h": 88 },
    "duration": 42
   },
   {
    "filename": "omniroid.aseprite-158",
    "frame": { "x": 1760, "y": 528, "w": 88, "h": 88 },
    "rotated": false,
    "trimmed": false,
    "spriteSourceSize": { "x": 0, "y": 0, "w": 88, "h": 88 },
    "sourceSize": { "w": 88, "h": 88 },
    "duration": 42
   },
   {
    "filename": "omniroid.aseprite-159",
    "frame": { "x": 1848, "y": 528, "w": 88, "h": 88 },
    "rotated": false,
    "trimmed": false,
    "spriteSourceSize": { "x": 0, "y": 0, "w": 88, "h": 88 },
    "sourceSize": { "w": 88, "h": 88 },
    "duration": 42
   },
   {
    "filename": "omniroid.aseprite-160",
    "frame": { "x": 1936, "y": 528, "w": 88, "h": 88 },
    "rotated": false,
    "trimmed": false,
    "spriteSourceSize": { "x": 0, "y": 0, "w": 88, "h": 88 },
    "sourceSize": { "w": 88, "h": 88 },
    "duration": 42
   },
   {
    "filename": "omniroid.aseprite-161",
    "frame": { "x": 0, "y": 616, "w": 88, "h": 88 },
    "rotated": false,
    "trimmed": false,
    "spriteSourceSize": { "x": 0, "y": 0, "w": 88, "h": 88 },
    "sourceSize": { "w": 88, "h": 88 },
    "duration": 42
   },
   {
    "filename": "omniroid.aseprite-162",
    "frame": { "x": 88, "y": 616, "w": 88, "h": 88 },
    "rotated": false,
    "trimmed": false,
    "spriteSourceSize": { "x": 0, "y": 0, "w": 88, "h": 88 },
    "sourceSize": { "w": 88, "h": 88 },
    "duration": 42
   },
   {
    "filename": "omniroid.aseprite-163",
    "frame": { "x": 176, "y": 616, "w": 88, "h": 88 },
    "rotated": false,
    "trimmed": false,
    "spriteSourceSize": { "x": 0, "y": 0, "w": 88, "h": 88 },
    "sourceSize": { "w": 88, "h": 88 },
    "duration": 42
   },
   {
    "filename": "omniroid.aseprite-164",
    "frame": { "x": 264, "y": 616, "w": 88, "h": 88 },
    "rotated": false,
    "trimmed": false,
    "spriteSourceSize": { "x": 0, "y": 0, "w": 88, "h": 88 },
    "sourceSize": { "w": 88, "h": 88 },
    "duration": 42
   },
   {
    "filename": "omniroid.aseprite-165",
    "frame": { "x": 352, "y": 616, "w": 88, "h": 88 },
    "rotated": false,
    "trimmed": false,
    "spriteSourceSize": { "x": 0, "y": 0, "w": 88, "h": 88 },
    "sourceSize": { "w": 88, "h": 88 },
    "duration": 42
   },
   {
    "filename": "omniroid.aseprite-166",
    "frame": { "x": 440, "y": 616, "w": 88, "h": 88 },
    "rotated": false,
    "trimmed": false,
    "spriteSourceSize": { "x": 0, "y": 0, "w": 88, "h": 88 },
    "sourceSize": { "w": 88, "h": 88 },
    "duration": 42
   },
   {
    "filename": "omniroid.aseprite-167",
    "frame": { "x": 528, "y": 616, "w": 88, "h": 88 },
    "rotated": false,
    "trimmed": false,
    "spriteSourceSize": { "x": 0, "y": 0, "w": 88, "h": 88 },
    "sourceSize": { "w": 88, "h": 88 },
    "duration": 42
   },
   {
    "filename": "omniroid.aseprite-168",
    "frame": { "x": 616, "y": 616, "w": 88, "h": 88 },
    "rotated": false,
    "trimmed": false,
    "spriteSourceSize": { "x": 0, "y": 0, "w": 88, "h": 88 },
    "sourceSize": { "w": 88, "h": 88 },
    "duration": 42
   },
   {
    "filename": "omniroid.aseprite-169",
    "frame": { "x": 704, "y": 616, "w": 88, "h": 88 },
    "rotated": false,
    "trimmed": false,
    "spriteSourceSize": { "x": 0, "y": 0, "w": 88, "h": 88 },
    "sourceSize": { "w": 88, "h": 88 },
    "duration": 42
   },
   {
    "filename": "omniroid.aseprite-170",
    "frame": { "x": 792, "y": 616, "w": 88, "h": 88 },
    "rotated": false,
    "trimmed": false,
    "spriteSourceSize": { "x": 0, "y": 0, "w": 88, "h": 88 },
    "sourceSize": { "w": 88, "h": 88 },
    "duration": 42
   },
   {
    "filename": "omniroid.aseprite-171",
    "frame": { "x": 880, "y": 616, "w": 88, "h": 88 },
    "rotated": false,
    "trimmed": false,
    "spriteSourceSize": { "x": 0, "y": 0, "w": 88, "h": 88 },
    "sourceSize": { "w": 88, "h": 88 },
    "duration": 42
   },
   {
    "filename": "omniroid.aseprite-172",
    "frame": { "x": 968, "y": 616, "w": 88, "h": 88 },
    "rotated": false,
    "trimmed": false,
    "spriteSourceSize": { "x": 0, "y": 0, "w": 88, "h": 88 },
    "sourceSize": { "w": 88, "h": 88 },
    "duration": 42
   },
   {
    "filename": "omniroid.aseprite-173",
    "frame": { "x": 1056, "y": 616, "w": 88, "h": 88 },
    "rotated": false,
    "trimmed": false,
    "spriteSourceSize": { "x": 0, "y": 0, "w": 88, "h": 88 },
    "sourceSize": { "w": 88, "h": 88 },
    "duration": 42
   },
   {
    "filename": "omniroid.aseprite-174",
    "frame": { "x": 1144, "y": 616, "w": 88, "h": 88 },
    "rotated": false,
    "trimmed": false,
    "spriteSourceSize": { "x": 0, "y": 0, "w": 88, "h": 88 },
    "sourceSize": { "w": 88, "h": 88 },
    "duration": 42
   },
   {
    "filename": "omniroid.aseprite-175",
    "frame": { "x": 1232, "y": 616, "w": 88, "h": 88 },
    "rotated": false,
    "trimmed": false,
    "spriteSourceSize": { "x": 0, "y": 0, "w": 88, "h": 88 },
    "sourceSize": { "w": 88, "h": 88 },
    "duration": 42
   },
   {
    "filename": "omniroid.aseprite-176",
    "frame": { "x": 1320, "y": 616, "w": 88, "h": 88 },
    "rotated": false,
    "trimmed": false,
    "spriteSourceSize": { "x": 0, "y": 0, "w": 88, "h": 88 },
    "sourceSize": { "w": 88, "h": 88 },
    "duration": 42
   },
   {
    "filename": "omniroid.aseprite-177",
    "frame": { "x": 1408, "y": 616, "w": 88, "h": 88 },
    "rotated": false,
    "trimmed": false,
    "spriteSourceSize": { "x": 0, "y": 0, "w": 88, "h": 88 },
    "sourceSize": { "w": 88, "h": 88 },
    "duration": 42
   },
   {
    "filename": "omniroid.aseprite-178",
    "frame": { "x": 1496, "y": 616, "w": 88, "h": 88 },
    "rotated": false,
    "trimmed": false,
    "spriteSourceSize": { "x": 0, "y": 0, "w": 88, "h": 88 },
    "sourceSize": { "w": 88, "h": 88 },
    "duration": 42
   },
   {
    "filename": "omniroid.aseprite-179",
    "frame": { "x": 1584, "y": 616, "w": 88, "h": 88 },
    "rotated": false,
    "trimmed": false,
    "spriteSourceSize": { "x": 0, "y": 0, "w": 88, "h": 88 },
    "sourceSize": { "w": 88, "h": 88 },
    "duration": 42
   },
   {
    "filename": "omniroid.aseprite-180",
    "frame": { "x": 1672, "y": 616, "w": 88, "h": 88 },
    "rotated": false,
    "trimmed": false,
    "spriteSourceSize": { "x": 0, "y": 0, "w": 88, "h": 88 },
    "sourceSize": { "w": 88, "h": 88 },
    "duration": 42
   },
   {
    "filename": "omniroid.aseprite-181",
    "frame": { "x": 1760, "y": 616, "w": 88, "h": 88 },
    "rotated": false,
    "trimmed": false,
    "spriteSourceSize": { "x": 0, "y": 0, "w": 88, "h": 88 },
    "sourceSize": { "w": 88, "h": 88 },
    "duration": 42
   },
   {
    "filename": "omniroid.aseprite-182",
    "frame": { "x": 1848, "y": 616, "w": 88, "h": 88 },
    "rotated": false,
    "trimmed": false,
    "spriteSourceSize": { "x": 0, "y": 0, "w": 88, "h": 88 },
    "sourceSize": { "w": 88, "h": 88 },
    "duration": 42
   },
   {
    "filename": "omniroid.aseprite-183",
    "frame": { "x": 1936, "y": 616, "w": 88, "h": 88 },
    "rotated": false,
    "trimmed": false,
    "spriteSourceSize": { "x": 0, "y": 0, "w": 88, "h": 88 },
    "sourceSize": { "w": 88, "h": 88 },
    "duration": 42
   },
   {
    "filename": "omniroid.aseprite-184",
    "frame": { "x": 0, "y": 704, "w": 88, "h": 88 },
    "rotated": false,
    "trimmed": false,
    "spriteSourceSize": { "x": 0, "y": 0, "w": 88, "h": 88 },
    "sourceSize": { "w": 88, "h": 88 },
    "duration": 42
   },
   {
    "filename": "omniroid.aseprite-185",
    "frame": { "x": 88, "y": 704, "w": 88, "h": 88 },
    "rotated": false,
    "trimmed": false,
    "spriteSourceSize": { "x": 0, "y": 0, "w": 88, "h": 88 },
    "sourceSize": { "w": 88, "h": 88 },
    "duration": 42
   },
   {
    "filename": "omniroid.aseprite-186",
    "frame": { "x": 176, "y": 704, "w": 88, "h": 88 },
    "rotated": false,
    "trimmed": false,
    "spriteSourceSize": { "x": 0, "y": 0, "w": 88, "h": 88 },
    "sourceSize": { "w": 88, "h": 88 },
    "duration": 42
   }
 ],
 "meta": {
  "app": "https://www.aseprite.org/",
  "version": "1.3.2-x64",
  "format": "RGBA8888",
  "size": { "w": 2048, "h": 792 },
  "scale": "1",
  "frameTags": [
   { "name": "Idle_looped", "from": 0, "to": 60, "direction": "forward", "color": "#000000ff" },
   { "name": "Run_looped_68", "from": 61, "to": 80, "direction": "forward", "color": "#000000ff" },
   { "name": "Jump", "from": 86, "to": 88, "direction": "forward", "color": "#000000ff" },
   { "name": "Fall", "from": 89, "to": 98, "direction": "forward", "color": "#000000ff" },
   { "name": "Bash", "from": 105, "to": 114, "direction": "forward", "color": "#000000ff" },
   { "name": "Slide", "from": 116, "to": 119, "direction": "forward", "color": "#000000ff" },
   { "name": "WallSlide", "from": 120, "to": 130, "direction": "forward", "color": "#000000ff" },
   { "name": "WallJump", "from": 131, "to": 138, "direction": "forward", "color": "#000000ff" },
   { "name": "Cutscene_Hurt", "from": 139, "to": 139, "direction": "forward", "color": "#000000ff" },
   { "name": "Cutscene_Recovery", "from": 140, "to": 185, "direction": "forward", "color": "#000000ff" },
   { "name": "Hurt", "from": 186, "to": 186, "direction": "forward", "color": "#000000ff" }
  ]
 }
}
