{ "frames": [
   {
    "filename": "Monster.aseprite-0",
    "frame": { "x": 0, "y": 0, "w": 115, "h": 105 },
    "rotated": false,
    "trimmed": false,
    "spriteSourceSize": { "x": 0, "y": 0, "w": 115, "h": 105 },
    "sourceSize": { "w": 115, "h": 105 },
    "duration": 42
   },
   {
    "filename": "Monster.aseprite-1",
    "frame": { "x": 115, "y": 0, "w": 115, "h": 105 },
    "rotated": false,
    "trimmed": false,
    "spriteSourceSize": { "x": 0, "y": 0, "w": 115, "h": 105 },
    "sourceSize": { "w": 115, "h": 105 },
    "duration": 42
   },
   {
    "filename": "Monster.aseprite-2",
    "frame": { "x": 230, "y": 0, "w": 115, "h": 105 },
    "rotated": false,
    "trimmed": false,
    "spriteSourceSize": { "x": 0, "y": 0, "w": 115, "h": 105 },
    "sourceSize": { "w": 115, "h": 105 },
    "duration": 42
   },
   {
    "filename": "Monster.aseprite-3",
    "frame": { "x": 345, "y": 0, "w": 115, "h": 105 },
    "rotated": false,
    "trimmed": false,
    "spriteSourceSize": { "x": 0, "y": 0, "w": 115, "h": 105 },
    "sourceSize": { "w": 115, "h": 105 },
    "duration": 42
   },
   {
    "filename": "Monster.aseprite-4",
    "frame": { "x": 460, "y": 0, "w": 115, "h": 105 },
    "rotated": false,
    "trimmed": false,
    "spriteSourceSize": { "x": 0, "y": 0, "w": 115, "h": 105 },
    "sourceSize": { "w": 115, "h": 105 },
    "duration": 42
   },
   {
    "filename": "Monster.aseprite-5",
    "frame": { "x": 575, "y": 0, "w": 115, "h": 105 },
    "rotated": false,
    "trimmed": false,
    "spriteSourceSize": { "x": 0, "y": 0, "w": 115, "h": 105 },
    "sourceSize": { "w": 115, "h": 105 },
    "duration": 42
   },
   {
    "filename": "Monster.aseprite-6",
    "frame": { "x": 690, "y": 0, "w": 115, "h": 105 },
    "rotated": false,
    "trimmed": false,
    "spriteSourceSize": { "x": 0, "y": 0, "w": 115, "h": 105 },
    "sourceSize": { "w": 115, "h": 105 },
    "duration": 42
   },
   {
    "filename": "Monster.aseprite-7",
    "frame": { "x": 805, "y": 0, "w": 115, "h": 105 },
    "rotated": false,
    "trimmed": false,
    "spriteSourceSize": { "x": 0, "y": 0, "w": 115, "h": 105 },
    "sourceSize": { "w": 115, "h": 105 },
    "duration": 42
   },
   {
    "filename": "Monster.aseprite-8",
    "frame": { "x": 920, "y": 0, "w": 115, "h": 105 },
    "rotated": false,
    "trimmed": false,
    "spriteSourceSize": { "x": 0, "y": 0, "w": 115, "h": 105 },
    "sourceSize": { "w": 115, "h": 105 },
    "duration": 42
   },
   {
    "filename": "Monster.aseprite-9",
    "frame": { "x": 1035, "y": 0, "w": 115, "h": 105 },
    "rotated": false,
    "trimmed": false,
    "spriteSourceSize": { "x": 0, "y": 0, "w": 115, "h": 105 },
    "sourceSize": { "w": 115, "h": 105 },
    "duration": 42
   },
   {
    "filename": "Monster.aseprite-10",
    "frame": { "x": 1150, "y": 0, "w": 115, "h": 105 },
    "rotated": false,
    "trimmed": false,
    "spriteSourceSize": { "x": 0, "y": 0, "w": 115, "h": 105 },
    "sourceSize": { "w": 115, "h": 105 },
    "duration": 42
   },
   {
    "filename": "Monster.aseprite-11",
    "frame": { "x": 1265, "y": 0, "w": 115, "h": 105 },
    "rotated": false,
    "trimmed": false,
    "spriteSourceSize": { "x": 0, "y": 0, "w": 115, "h": 105 },
    "sourceSize": { "w": 115, "h": 105 },
    "duration": 42
   },
   {
    "filename": "Monster.aseprite-12",
    "frame": { "x": 1380, "y": 0, "w": 115, "h": 105 },
    "rotated": false,
    "trimmed": false,
    "spriteSourceSize": { "x": 0, "y": 0, "w": 115, "h": 105 },
    "sourceSize": { "w": 115, "h": 105 },
    "duration": 42
   },
   {
    "filename": "Monster.aseprite-13",
    "frame": { "x": 1495, "y": 0, "w": 115, "h": 105 },
    "rotated": false,
    "trimmed": false,
    "spriteSourceSize": { "x": 0, "y": 0, "w": 115, "h": 105 },
    "sourceSize": { "w": 115, "h": 105 },
    "duration": 42
   },
   {
    "filename": "Monster.aseprite-14",
    "frame": { "x": 1610, "y": 0, "w": 115, "h": 105 },
    "rotated": false,
    "trimmed": false,
    "spriteSourceSize": { "x": 0, "y": 0, "w": 115, "h": 105 },
    "sourceSize": { "w": 115, "h": 105 },
    "duration": 42
   },
   {
    "filename": "Monster.aseprite-15",
    "frame": { "x": 1725, "y": 0, "w": 115, "h": 105 },
    "rotated": false,
    "trimmed": false,
    "spriteSourceSize": { "x": 0, "y": 0, "w": 115, "h": 105 },
    "sourceSize": { "w": 115, "h": 105 },
    "duration": 42
   },
   {
    "filename": "Monster.aseprite-16",
    "frame": { "x": 1840, "y": 0, "w": 115, "h": 105 },
    "rotated": false,
    "trimmed": false,
    "spriteSourceSize": { "x": 0, "y": 0, "w": 115, "h": 105 },
    "sourceSize": { "w": 115, "h": 105 },
    "duration": 42
   },
   {
    "filename": "Monster.aseprite-17",
    "frame": { "x": 0, "y": 105, "w": 115, "h": 105 },
    "rotated": false,
    "trimmed": false,
    "spriteSourceSize": { "x": 0, "y": 0, "w": 115, "h": 105 },
    "sourceSize": { "w": 115, "h": 105 },
    "duration": 42
   },
   {
    "filename": "Monster.aseprite-18",
    "frame": { "x": 115, "y": 105, "w": 115, "h": 105 },
    "rotated": false,
    "trimmed": false,
    "spriteSourceSize": { "x": 0, "y": 0, "w": 115, "h": 105 },
    "sourceSize": { "w": 115, "h": 105 },
    "duration": 42
   },
   {
    "filename": "Monster.aseprite-19",
    "frame": { "x": 230, "y": 105, "w": 115, "h": 105 },
    "rotated": false,
    "trimmed": false,
    "spriteSourceSize": { "x": 0, "y": 0, "w": 115, "h": 105 },
    "sourceSize": { "w": 115, "h": 105 },
    "duration": 42
   },
   {
    "filename": "Monster.aseprite-20",
    "frame": { "x": 345, "y": 105, "w": 115, "h": 105 },
    "rotated": false,
    "trimmed": false,
    "spriteSourceSize": { "x": 0, "y": 0, "w": 115, "h": 105 },
    "sourceSize": { "w": 115, "h": 105 },
    "duration": 42
   },
   {
    "filename": "Monster.aseprite-21",
    "frame": { "x": 460, "y": 105, "w": 115, "h": 105 },
    "rotated": false,
    "trimmed": false,
    "spriteSourceSize": { "x": 0, "y": 0, "w": 115, "h": 105 },
    "sourceSize": { "w": 115, "h": 105 },
    "duration": 42
   },
   {
    "filename": "Monster.aseprite-22",
    "frame": { "x": 575, "y": 105, "w": 115, "h": 105 },
    "rotated": false,
    "trimmed": false,
    "spriteSourceSize": { "x": 0, "y": 0, "w": 115, "h": 105 },
    "sourceSize": { "w": 115, "h": 105 },
    "duration": 42
   },
   {
    "filename": "Monster.aseprite-23",
    "frame": { "x": 690, "y": 105, "w": 115, "h": 105 },
    "rotated": false,
    "trimmed": false,
    "spriteSourceSize": { "x": 0, "y": 0, "w": 115, "h": 105 },
    "sourceSize": { "w": 115, "h": 105 },
    "duration": 42
   },
   {
    "filename": "Monster.aseprite-24",
    "frame": { "x": 805, "y": 105, "w": 115, "h": 105 },
    "rotated": false,
    "trimmed": false,
    "spriteSourceSize": { "x": 0, "y": 0, "w": 115, "h": 105 },
    "sourceSize": { "w": 115, "h": 105 },
    "duration": 42
   },
   {
    "filename": "Monster.aseprite-25",
    "frame": { "x": 920, "y": 105, "w": 115, "h": 105 },
    "rotated": false,
    "trimmed": false,
    "spriteSourceSize": { "x": 0, "y": 0, "w": 115, "h": 105 },
    "sourceSize": { "w": 115, "h": 105 },
    "duration": 42
   },
   {
    "filename": "Monster.aseprite-26",
    "frame": { "x": 1035, "y": 105, "w": 115, "h": 105 },
    "rotated": false,
    "trimmed": false,
    "spriteSourceSize": { "x": 0, "y": 0, "w": 115, "h": 105 },
    "sourceSize": { "w": 115, "h": 105 },
    "duration": 42
   },
   {
    "filename": "Monster.aseprite-27",
    "frame": { "x": 1150, "y": 105, "w": 115, "h": 105 },
    "rotated": false,
    "trimmed": false,
    "spriteSourceSize": { "x": 0, "y": 0, "w": 115, "h": 105 },
    "sourceSize": { "w": 115, "h": 105 },
    "duration": 42
   },
   {
    "filename": "Monster.aseprite-28",
    "frame": { "x": 1265, "y": 105, "w": 115, "h": 105 },
    "rotated": false,
    "trimmed": false,
    "spriteSourceSize": { "x": 0, "y": 0, "w": 115, "h": 105 },
    "sourceSize": { "w": 115, "h": 105 },
    "duration": 42
   },
   {
    "filename": "Monster.aseprite-29",
    "frame": { "x": 1380, "y": 105, "w": 115, "h": 105 },
    "rotated": false,
    "trimmed": false,
    "spriteSourceSize": { "x": 0, "y": 0, "w": 115, "h": 105 },
    "sourceSize": { "w": 115, "h": 105 },
    "duration": 42
   },
   {
    "filename": "Monster.aseprite-30",
    "frame": { "x": 1495, "y": 105, "w": 115, "h": 105 },
    "rotated": false,
    "trimmed": false,
    "spriteSourceSize": { "x": 0, "y": 0, "w": 115, "h": 105 },
    "sourceSize": { "w": 115, "h": 105 },
    "duration": 42
   },
   {
    "filename": "Monster.aseprite-31",
    "frame": { "x": 1610, "y": 105, "w": 115, "h": 105 },
    "rotated": false,
    "trimmed": false,
    "spriteSourceSize": { "x": 0, "y": 0, "w": 115, "h": 105 },
    "sourceSize": { "w": 115, "h": 105 },
    "duration": 42
   },
   {
    "filename": "Monster.aseprite-32",
    "frame": { "x": 1725, "y": 105, "w": 115, "h": 105 },
    "rotated": false,
    "trimmed": false,
    "spriteSourceSize": { "x": 0, "y": 0, "w": 115, "h": 105 },
    "sourceSize": { "w": 115, "h": 105 },
    "duration": 42
   },
   {
    "filename": "Monster.aseprite-33",
    "frame": { "x": 1840, "y": 105, "w": 115, "h": 105 },
    "rotated": false,
    "trimmed": false,
    "spriteSourceSize": { "x": 0, "y": 0, "w": 115, "h": 105 },
    "sourceSize": { "w": 115, "h": 105 },
    "duration": 42
   },
   {
    "filename": "Monster.aseprite-34",
    "frame": { "x": 0, "y": 210, "w": 115, "h": 105 },
    "rotated": false,
    "trimmed": false,
    "spriteSourceSize": { "x": 0, "y": 0, "w": 115, "h": 105 },
    "sourceSize": { "w": 115, "h": 105 },
    "duration": 42
   },
   {
    "filename": "Monster.aseprite-35",
    "frame": { "x": 115, "y": 210, "w": 115, "h": 105 },
    "rotated": false,
    "trimmed": false,
    "spriteSourceSize": { "x": 0, "y": 0, "w": 115, "h": 105 },
    "sourceSize": { "w": 115, "h": 105 },
    "duration": 42
   },
   {
    "filename": "Monster.aseprite-36",
    "frame": { "x": 230, "y": 210, "w": 115, "h": 105 },
    "rotated": false,
    "trimmed": false,
    "spriteSourceSize": { "x": 0, "y": 0, "w": 115, "h": 105 },
    "sourceSize": { "w": 115, "h": 105 },
    "duration": 42
   },
   {
    "filename": "Monster.aseprite-37",
    "frame": { "x": 345, "y": 210, "w": 115, "h": 105 },
    "rotated": false,
    "trimmed": false,
    "spriteSourceSize": { "x": 0, "y": 0, "w": 115, "h": 105 },
    "sourceSize": { "w": 115, "h": 105 },
    "duration": 42
   },
   {
    "filename": "Monster.aseprite-38",
    "frame": { "x": 460, "y": 210, "w": 115, "h": 105 },
    "rotated": false,
    "trimmed": false,
    "spriteSourceSize": { "x": 0, "y": 0, "w": 115, "h": 105 },
    "sourceSize": { "w": 115, "h": 105 },
    "duration": 42
   },
   {
    "filename": "Monster.aseprite-39",
    "frame": { "x": 575, "y": 210, "w": 115, "h": 105 },
    "rotated": false,
    "trimmed": false,
    "spriteSourceSize": { "x": 0, "y": 0, "w": 115, "h": 105 },
    "sourceSize": { "w": 115, "h": 105 },
    "duration": 42
   },
   {
    "filename": "Monster.aseprite-40",
    "frame": { "x": 690, "y": 210, "w": 115, "h": 105 },
    "rotated": false,
    "trimmed": false,
    "spriteSourceSize": { "x": 0, "y": 0, "w": 115, "h": 105 },
    "sourceSize": { "w": 115, "h": 105 },
    "duration": 42
   },
   {
    "filename": "Monster.aseprite-41",
    "frame": { "x": 805, "y": 210, "w": 115, "h": 105 },
    "rotated": false,
    "trimmed": false,
    "spriteSourceSize": { "x": 0, "y": 0, "w": 115, "h": 105 },
    "sourceSize": { "w": 115, "h": 105 },
    "duration": 42
   },
   {
    "filename": "Monster.aseprite-42",
    "frame": { "x": 920, "y": 210, "w": 115, "h": 105 },
    "rotated": false,
    "trimmed": false,
    "spriteSourceSize": { "x": 0, "y": 0, "w": 115, "h": 105 },
    "sourceSize": { "w": 115, "h": 105 },
    "duration": 42
   },
   {
    "filename": "Monster.aseprite-43",
    "frame": { "x": 1035, "y": 210, "w": 115, "h": 105 },
    "rotated": false,
    "trimmed": false,
    "spriteSourceSize": { "x": 0, "y": 0, "w": 115, "h": 105 },
    "sourceSize": { "w": 115, "h": 105 },
    "duration": 42
   },
   {
    "filename": "Monster.aseprite-44",
    "frame": { "x": 1150, "y": 210, "w": 115, "h": 105 },
    "rotated": false,
    "trimmed": false,
    "spriteSourceSize": { "x": 0, "y": 0, "w": 115, "h": 105 },
    "sourceSize": { "w": 115, "h": 105 },
    "duration": 42
   },
   {
    "filename": "Monster.aseprite-45",
    "frame": { "x": 1265, "y": 210, "w": 115, "h": 105 },
    "rotated": false,
    "trimmed": false,
    "spriteSourceSize": { "x": 0, "y": 0, "w": 115, "h": 105 },
    "sourceSize": { "w": 115, "h": 105 },
    "duration": 42
   },
   {
    "filename": "Monster.aseprite-46",
    "frame": { "x": 1380, "y": 210, "w": 115, "h": 105 },
    "rotated": false,
    "trimmed": false,
    "spriteSourceSize": { "x": 0, "y": 0, "w": 115, "h": 105 },
    "sourceSize": { "w": 115, "h": 105 },
    "duration": 42
   },
   {
    "filename": "Monster.aseprite-47",
    "frame": { "x": 1495, "y": 210, "w": 115, "h": 105 },
    "rotated": false,
    "trimmed": false,
    "spriteSourceSize": { "x": 0, "y": 0, "w": 115, "h": 105 },
    "sourceSize": { "w": 115, "h": 105 },
    "duration": 42
   },
   {
    "filename": "Monster.aseprite-48",
    "frame": { "x": 1610, "y": 210, "w": 115, "h": 105 },
    "rotated": false,
    "trimmed": false,
    "spriteSourceSize": { "x": 0, "y": 0, "w": 115, "h": 105 },
    "sourceSize": { "w": 115, "h": 105 },
    "duration": 42
   },
   {
    "filename": "Monster.aseprite-49",
    "frame": { "x": 1725, "y": 210, "w": 115, "h": 105 },
    "rotated": false,
    "trimmed": false,
    "spriteSourceSize": { "x": 0, "y": 0, "w": 115, "h": 105 },
    "sourceSize": { "w": 115, "h": 105 },
    "duration": 42
   },
   {
    "filename": "Monster.aseprite-50",
    "frame": { "x": 1840, "y": 210, "w": 115, "h": 105 },
    "rotated": false,
    "trimmed": false,
    "spriteSourceSize": { "x": 0, "y": 0, "w": 115, "h": 105 },
    "sourceSize": { "w": 115, "h": 105 },
    "duration": 42
   },
   {
    "filename": "Monster.aseprite-51",
    "frame": { "x": 0, "y": 315, "w": 115, "h": 105 },
    "rotated": false,
    "trimmed": false,
    "spriteSourceSize": { "x": 0, "y": 0, "w": 115, "h": 105 },
    "sourceSize": { "w": 115, "h": 105 },
    "duration": 42
   },
   {
    "filename": "Monster.aseprite-52",
    "frame": { "x": 115, "y": 315, "w": 115, "h": 105 },
    "rotated": false,
    "trimmed": false,
    "spriteSourceSize": { "x": 0, "y": 0, "w": 115, "h": 105 },
    "sourceSize": { "w": 115, "h": 105 },
    "duration": 42
   },
   {
    "filename": "Monster.aseprite-53",
    "frame": { "x": 230, "y": 315, "w": 115, "h": 105 },
    "rotated": false,
    "trimmed": false,
    "spriteSourceSize": { "x": 0, "y": 0, "w": 115, "h": 105 },
    "sourceSize": { "w": 115, "h": 105 },
    "duration": 42
   },
   {
    "filename": "Monster.aseprite-54",
    "frame": { "x": 345, "y": 315, "w": 115, "h": 105 },
    "rotated": false,
    "trimmed": false,
    "spriteSourceSize": { "x": 0, "y": 0, "w": 115, "h": 105 },
    "sourceSize": { "w": 115, "h": 105 },
    "duration": 42
   },
   {
    "filename": "Monster.aseprite-55",
    "frame": { "x": 460, "y": 315, "w": 115, "h": 105 },
    "rotated": false,
    "trimmed": false,
    "spriteSourceSize": { "x": 0, "y": 0, "w": 115, "h": 105 },
    "sourceSize": { "w": 115, "h": 105 },
    "duration": 42
   },
   {
    "filename": "Monster.aseprite-56",
    "frame": { "x": 575, "y": 315, "w": 115, "h": 105 },
    "rotated": false,
    "trimmed": false,
    "spriteSourceSize": { "x": 0, "y": 0, "w": 115, "h": 105 },
    "sourceSize": { "w": 115, "h": 105 },
    "duration": 42
   },
   {
    "filename": "Monster.aseprite-57",
    "frame": { "x": 690, "y": 315, "w": 115, "h": 105 },
    "rotated": false,
    "trimmed": false,
    "spriteSourceSize": { "x": 0, "y": 0, "w": 115, "h": 105 },
    "sourceSize": { "w": 115, "h": 105 },
    "duration": 42
   },
   {
    "filename": "Monster.aseprite-58",
    "frame": { "x": 805, "y": 315, "w": 115, "h": 105 },
    "rotated": false,
    "trimmed": false,
    "spriteSourceSize": { "x": 0, "y": 0, "w": 115, "h": 105 },
    "sourceSize": { "w": 115, "h": 105 },
    "duration": 42
   },
   {
    "filename": "Monster.aseprite-59",
    "frame": { "x": 920, "y": 315, "w": 115, "h": 105 },
    "rotated": false,
    "trimmed": false,
    "spriteSourceSize": { "x": 0, "y": 0, "w": 115, "h": 105 },
    "sourceSize": { "w": 115, "h": 105 },
    "duration": 42
   },
   {
    "filename": "Monster.aseprite-60",
    "frame": { "x": 1035, "y": 315, "w": 115, "h": 105 },
    "rotated": false,
    "trimmed": false,
    "spriteSourceSize": { "x": 0, "y": 0, "w": 115, "h": 105 },
    "sourceSize": { "w": 115, "h": 105 },
    "duration": 42
   },
   {
    "filename": "Monster.aseprite-61",
    "frame": { "x": 1150, "y": 315, "w": 115, "h": 105 },
    "rotated": false,
    "trimmed": false,
    "spriteSourceSize": { "x": 0, "y": 0, "w": 115, "h": 105 },
    "sourceSize": { "w": 115, "h": 105 },
    "duration": 42
   },
   {
    "filename": "Monster.aseprite-62",
    "frame": { "x": 1265, "y": 315, "w": 115, "h": 105 },
    "rotated": false,
    "trimmed": false,
    "spriteSourceSize": { "x": 0, "y": 0, "w": 115, "h": 105 },
    "sourceSize": { "w": 115, "h": 105 },
    "duration": 42
   },
   {
    "filename": "Monster.aseprite-63",
    "frame": { "x": 1380, "y": 315, "w": 115, "h": 105 },
    "rotated": false,
    "trimmed": false,
    "spriteSourceSize": { "x": 0, "y": 0, "w": 115, "h": 105 },
    "sourceSize": { "w": 115, "h": 105 },
    "duration": 42
   },
   {
    "filename": "Monster.aseprite-64",
    "frame": { "x": 1495, "y": 315, "w": 115, "h": 105 },
    "rotated": false,
    "trimmed": false,
    "spriteSourceSize": { "x": 0, "y": 0, "w": 115, "h": 105 },
    "sourceSize": { "w": 115, "h": 105 },
    "duration": 42
   },
   {
    "filename": "Monster.aseprite-65",
    "frame": { "x": 1610, "y": 315, "w": 115, "h": 105 },
    "rotated": false,
    "trimmed": false,
    "spriteSourceSize": { "x": 0, "y": 0, "w": 115, "h": 105 },
    "sourceSize": { "w": 115, "h": 105 },
    "duration": 42
   },
   {
    "filename": "Monster.aseprite-66",
    "frame": { "x": 1725, "y": 315, "w": 115, "h": 105 },
    "rotated": false,
    "trimmed": false,
    "spriteSourceSize": { "x": 0, "y": 0, "w": 115, "h": 105 },
    "sourceSize": { "w": 115, "h": 105 },
    "duration": 42
   },
   {
    "filename": "Monster.aseprite-67",
    "frame": { "x": 1840, "y": 315, "w": 115, "h": 105 },
    "rotated": false,
    "trimmed": false,
    "spriteSourceSize": { "x": 0, "y": 0, "w": 115, "h": 105 },
    "sourceSize": { "w": 115, "h": 105 },
    "duration": 42
   },
   {
    "filename": "Monster.aseprite-68",
    "frame": { "x": 0, "y": 420, "w": 115, "h": 105 },
    "rotated": false,
    "trimmed": false,
    "spriteSourceSize": { "x": 0, "y": 0, "w": 115, "h": 105 },
    "sourceSize": { "w": 115, "h": 105 },
    "duration": 42
   },
   {
    "filename": "Monster.aseprite-69",
    "frame": { "x": 115, "y": 420, "w": 115, "h": 105 },
    "rotated": false,
    "trimmed": false,
    "spriteSourceSize": { "x": 0, "y": 0, "w": 115, "h": 105 },
    "sourceSize": { "w": 115, "h": 105 },
    "duration": 42
   },
   {
    "filename": "Monster.aseprite-70",
    "frame": { "x": 230, "y": 420, "w": 115, "h": 105 },
    "rotated": false,
    "trimmed": false,
    "spriteSourceSize": { "x": 0, "y": 0, "w": 115, "h": 105 },
    "sourceSize": { "w": 115, "h": 105 },
    "duration": 42
   },
   {
    "filename": "Monster.aseprite-71",
    "frame": { "x": 345, "y": 420, "w": 115, "h": 105 },
    "rotated": false,
    "trimmed": false,
    "spriteSourceSize": { "x": 0, "y": 0, "w": 115, "h": 105 },
    "sourceSize": { "w": 115, "h": 105 },
    "duration": 42
   },
   {
    "filename": "Monster.aseprite-72",
    "frame": { "x": 460, "y": 420, "w": 115, "h": 105 },
    "rotated": false,
    "trimmed": false,
    "spriteSourceSize": { "x": 0, "y": 0, "w": 115, "h": 105 },
    "sourceSize": { "w": 115, "h": 105 },
    "duration": 42
   },
   {
    "filename": "Monster.aseprite-73",
    "frame": { "x": 575, "y": 420, "w": 115, "h": 105 },
    "rotated": false,
    "trimmed": false,
    "spriteSourceSize": { "x": 0, "y": 0, "w": 115, "h": 105 },
    "sourceSize": { "w": 115, "h": 105 },
    "duration": 42
   },
   {
    "filename": "Monster.aseprite-74",
    "frame": { "x": 690, "y": 420, "w": 115, "h": 105 },
    "rotated": false,
    "trimmed": false,
    "spriteSourceSize": { "x": 0, "y": 0, "w": 115, "h": 105 },
    "sourceSize": { "w": 115, "h": 105 },
    "duration": 42
   },
   {
    "filename": "Monster.aseprite-75",
    "frame": { "x": 805, "y": 420, "w": 115, "h": 105 },
    "rotated": false,
    "trimmed": false,
    "spriteSourceSize": { "x": 0, "y": 0, "w": 115, "h": 105 },
    "sourceSize": { "w": 115, "h": 105 },
    "duration": 42
   },
   {
    "filename": "Monster.aseprite-76",
    "frame": { "x": 920, "y": 420, "w": 115, "h": 105 },
    "rotated": false,
    "trimmed": false,
    "spriteSourceSize": { "x": 0, "y": 0, "w": 115, "h": 105 },
    "sourceSize": { "w": 115, "h": 105 },
    "duration": 42
   },
   {
    "filename": "Monster.aseprite-77",
    "frame": { "x": 1035, "y": 420, "w": 115, "h": 105 },
    "rotated": false,
    "trimmed": false,
    "spriteSourceSize": { "x": 0, "y": 0, "w": 115, "h": 105 },
    "sourceSize": { "w": 115, "h": 105 },
    "duration": 42
   },
   {
    "filename": "Monster.aseprite-78",
    "frame": { "x": 1150, "y": 420, "w": 115, "h": 105 },
    "rotated": false,
    "trimmed": false,
    "spriteSourceSize": { "x": 0, "y": 0, "w": 115, "h": 105 },
    "sourceSize": { "w": 115, "h": 105 },
    "duration": 42
   },
   {
    "filename": "Monster.aseprite-79",
    "frame": { "x": 1265, "y": 420, "w": 115, "h": 105 },
    "rotated": false,
    "trimmed": false,
    "spriteSourceSize": { "x": 0, "y": 0, "w": 115, "h": 105 },
    "sourceSize": { "w": 115, "h": 105 },
    "duration": 42
   }
 ],
 "meta": {
  "app": "https://www.aseprite.org/",
  "version": "1.3.2-x64",
  "format": "RGBA8888",
  "size": { "w": 2048, "h": 525 },
  "scale": "1",
  "frameTags": [
   { "name": "Cutscene", "from": 0, "to": 60, "direction": "forward", "color": "#000000ff" },
   { "name": "Charge", "from": 10, "to": 18, "direction": "forward", "color": "#000000ff" },
   { "name": "Attack", "from": 19, "to": 26, "direction": "forward", "color": "#000000ff" },
   { "name": "Recovery", "from": 31, "to": 42, "direction": "forward", "color": "#000000ff" },
   { "name": "Escape", "from": 43, "to": 60, "direction": "forward", "color": "#000000ff" },
   { "name": "Appear", "from": 61, "to": 79, "direction": "forward", "color": "#000000ff" }
  ]
 }
}
